{
  "scale" : 0.5087889,
  "baseX" : 0.4449418,
  "baseY" : 0.9757813
}