{
  "scale" : 0.5087289,
  "baseX" : 0.5916824,
  "baseY" : 0.9741379
}