{
  "scale" : 0.5087642999999999,
  "baseX" : 0.4449418,
  "baseY" : 0.9757813
}