{
  "scale" : 0.5088438,
  "baseX" : 0.4449418,
  "baseY" : 0.9757813
}