{
  "scale" : 0.5087497,
  "baseX" : 0.3041475,
  "baseY" : 0.9779249
}