{
  "scale" : 0.5087842,
  "baseX" : 0.328125,
  "baseY" : 0.977037
}