{
  "scale" : 0.5088053,
  "baseX" : 0.328125,
  "baseY" : 0.977037
}