{
  "scale" : 0.4995098,
  "baseX" : 0.4571723,
  "baseY" : 0.9785523
}