{
  "scale" : 0.4988183,
  "baseX" : 0.4571723,
  "baseY" : 0.9785523
}