{
  "scale" : 0.4991128,
  "baseX" : 0.8300705,
  "baseY" : 0.9660266
}