{
  "scale" : 0.49899,
  "baseX" : 0.8300705,
  "baseY" : 0.9660266
}