{
  "scale" : 0.4991471,
  "baseX" : 0.8300705,
  "baseY" : 0.9660266
}