{
  "scale" : 0.4993251,
  "baseX" : 0.2814136,
  "baseY" : 0.9780146
}