{
  "scale" : 0.5095969,
  "baseX" : 0.1102902,
  "baseY" : 0.854321
}