{
  "scale" : 0.5096558,
  "baseX" : 0.1420188,
  "baseY" : 0.9786667
}