{
  "scale" : 0.5095466,
  "baseX" : 0.3176895,
  "baseY" : 0.9943128
}