{
  "scale" : 0.50954,
  "baseX" : 0.3176895,
  "baseY" : 0.9943128
}