{
  "scale" : 0.5096683,
  "baseX" : 0.3323376,
  "baseY" : 0.9816384
}