{
  "scale" : 0.5095293,
  "baseX" : 1.603387,
  "baseY" : 0.9882883
}