{
  "scale" : 0.5095692000000001,
  "baseX" : 1.445178,
  "baseY" : 0.8546945
}