{
  "scale" : 0.5095293,
  "baseX" : -1.81126,
  "baseY" : 1.090278
}