{
  "scale" : 0.5098195,
  "baseX" : -0.6385669,
  "baseY" : 0.7399901
}