{
  "scale" : 0.5097734,
  "baseX" : -0.9931272,
  "baseY" : 0.6955281
}