{
  "scale" : 0.5096966000000001,
  "baseX" : -0.5748792,
  "baseY" : 0.8033514
}