{
  "scale" : 0.5097092,
  "baseX" : 3.217544,
  "baseY" : 0.9626688
}