{
  "scale" : 0.5095636,
  "baseX" : -7.361627,
  "baseY" : 1.018083
}