{
  "scale" : 0.5096148,
  "baseX" : 0.5495979,
  "baseY" : 0.9926963
}