{
  "scale" : 0.5096368,
  "baseX" : 0.5495979,
  "baseY" : 0.9926963
}