{
  "scale" : 0.5096491,
  "baseX" : 0.3979094,
  "baseY" : 0.9952969
}