{
  "scale" : 0.5809076,
  "baseX" : 0.4812775,
  "baseY" : 0.9687268
}