{
  "scale" : 0.5156601,
  "baseX" : 0.6475184,
  "baseY" : 0.9556475
}