{
  "scale" : 0.4606491,
  "baseX" : 0.3899127,
  "baseY" : 2.445537
}