{
  "scale" : 0.4606911,
  "baseX" : 0.5778689,
  "baseY" : 0.987315
}