{
  "scale" : 0.4604188,
  "baseX" : 0.5543478,
  "baseY" : 0.9065744
}