{
  "scale" : 0.460602,
  "baseX" : 0.3899127,
  "baseY" : 2.445537
}