{
  "scale" : 0.4605733,
  "baseX" : 0.6964856,
  "baseY" : 0.9697602
}