{
  "scale" : 0.4606067,
  "baseX" : 0.3899127,
  "baseY" : 2.445537
}