{
  "scale" : 0.4605998,
  "baseX" : 0.704971,
  "baseY" : 0.9674466
}