{
  "scale" : 0.460465,
  "baseX" : 0.5644115,
  "baseY" : 0.981383
}