{
  "scale" : 0.4603918,
  "baseX" : 0.704971,
  "baseY" : 0.9674466
}