{
  "scale" : 0.4605273,
  "baseX" : 0.5778689,
  "baseY" : 0.987315
}