{
  "scale" : 0.4606043,
  "baseX" : 0.704971,
  "baseY" : 0.9674466
}