{
  "scale" : 0.4604134,
  "baseX" : 0.5644115,
  "baseY" : 0.981383
}