{
  "scale" : 0.4604589,
  "baseX" : 0.5644115,
  "baseY" : 0.981383
}