{
  "scale" : 0.460331,
  "baseX" : 0.6964856,
  "baseY" : 0.9697602
}