{
  "scale" : 0.4605643,
  "baseX" : 0.5543478,
  "baseY" : 0.9065744
}