{
  "scale" : 0.4604921,
  "baseX" : 0.237579,
  "baseY" : 0.9700934
}