{
  "scale" : 0.4606667,
  "baseX" : 0.237579,
  "baseY" : 0.9700934
}