{
  "scale" : 0.4606855,
  "baseX" : 0.237579,
  "baseY" : 0.9700934
}