{
  "scale" : 0.4605255,
  "baseX" : 1.154424,
  "baseY" : 0.9848638
}