{
  "scale" : 0.460672,
  "baseX" : 0.3102919,
  "baseY" : 0.9673684
}