{
  "scale" : 0.4606094,
  "baseX" : 0.3102919,
  "baseY" : 0.9673684
}