{
  "scale" : 0.4606288,
  "baseX" : 0.3102919,
  "baseY" : 0.9673684
}