{
  "scale" : 0.4603522,
  "baseX" : 0.3664417,
  "baseY" : 0.9720035
}