{
  "scale" : 0.4606211,
  "baseX" : 0.3664417,
  "baseY" : 0.9720035
}