{
  "scale" : 0.5143631,
  "baseX" : 0.7701471,
  "baseY" : 0.972973
}