{
  "scale" : 0.514705,
  "baseX" : 0.3875969,
  "baseY" : 0.9756098
}