{
  "scale" : 0.5145612000000001,
  "baseX" : 0.7701471,
  "baseY" : 0.972973
}