{
  "scale" : 0.5147665,
  "baseX" : 0.3875969,
  "baseY" : 0.9756098
}