{
  "scale" : 0.51472,
  "baseX" : 0.3875969,
  "baseY" : 0.9756098
}