{
  "scale" : 0.5147017,
  "baseX" : 0.7701471,
  "baseY" : 0.972973
}