{
  "scale" : 0.5146974,
  "baseX" : 0.4764706,
  "baseY" : 0.9755352
}