{
  "scale" : 0.514689,
  "baseX" : 0.3737166,
  "baseY" : 0.9762076
}