{
  "scale" : 0.5145037,
  "baseX" : 0.3737166,
  "baseY" : 0.9762076
}