{
  "scale" : 0.5095184,
  "baseX" : 0.5392062,
  "baseY" : 0.9636511
}