{
  "scale" : 0.5094881999999999,
  "baseX" : 0.5061225,
  "baseY" : 0.9227707
}