{
  "scale" : 0.5092849,
  "baseX" : 0.192757,
  "baseY" : 0.9636937
}