{
  "scale" : 0.5093432,
  "baseX" : 0.5509868,
  "baseY" : 0.9796954
}