{
  "scale" : 0.5094726000000001,
  "baseX" : 0.4751656,
  "baseY" : 0.9533722
}