{
  "scale" : 0.5095231,
  "baseX" : 0.5357143,
  "baseY" : 0.9790007
}