{
  "scale" : 0.5095209000000001,
  "baseX" : 0.8085809,
  "baseY" : 0.8784355
}