{
  "scale" : 0.5094415,
  "baseX" : 0.8092486,
  "baseY" : 0.8722281
}