{
  "scale" : 0.5094586,
  "baseX" : 0.2974239,
  "baseY" : 0.9730517
}