{
  "scale" : 0.5093105,
  "baseX" : 0.5518945,
  "baseY" : 0.9796954
}