{
  "scale" : 0.5,
  "baseX" : 0.4388255,
  "baseY" : 0.9727941
}