{
  "scale" : 0.5141823,
  "baseX" : 0.4682204,
  "baseY" : 1.173077
}