{
  "scale" : 0.5144558,
  "baseX" : 0.7787724,
  "baseY" : 0.9778626
}