{
  "scale" : 0.5144067,
  "baseX" : 0.4204545,
  "baseY" : 1.308145
}