{
  "scale" : 0.5147392,
  "baseX" : 0.4204545,
  "baseY" : 1.308145
}