{
  "scale" : 0.514581,
  "baseX" : 0.4204545,
  "baseY" : 1.308145
}