{
  "scale" : 0.5144994000000001,
  "baseX" : 0.2745536,
  "baseY" : 0.9781626
}