{
  "scale" : 0.5134865,
  "baseX" : 0.5804067,
  "baseY" : 0.9771653
}