{
  "scale" : 0.5131386999999999,
  "baseX" : 0.6041276,
  "baseY" : 0.9788898
}