{
  "scale" : 0.5138457,
  "baseX" : 0.2745536,
  "baseY" : 0.9781626
}