{
  "scale" : 0.5139168,
  "baseX" : 0.5804067,
  "baseY" : 0.9771653
}