{
  "scale" : 0.5142645,
  "baseX" : 0.5804067,
  "baseY" : 0.9771653
}