{
  "scale" : 0.5136029,
  "baseX" : 0.6041276,
  "baseY" : 0.9788898
}