{
  "scale" : 0.5144448,
  "baseX" : 0.3899522,
  "baseY" : 0.9783582
}