{
  "scale" : 0.5258281,
  "baseX" : 0.4487035,
  "baseY" : 0.9773723
}