{
  "scale" : 0.525829,
  "baseX" : 0.4560976,
  "baseY" : 0.977306
}