{
  "scale" : 0.5258278,
  "baseX" : 0.4560976,
  "baseY" : 0.977306
}