{
  "scale" : 0.5258529,
  "baseX" : 0.3492885,
  "baseY" : 0.9752367
}