{
  "scale" : 0.5289289,
  "baseX" : 0.3843844,
  "baseY" : 0.9830247
}