{
  "scale" : 0.5289705,
  "baseX" : 0.417154,
  "baseY" : 0.9545116
}