{
  "scale" : 0.5289317,
  "baseX" : 0.4344069,
  "baseY" : 4.089835
}