{
  "scale" : 0.5290021,
  "baseX" : 0.354067,
  "baseY" : 0.9837587
}