{
  "scale" : 0.5289471,
  "baseX" : 0.354067,
  "baseY" : 0.9837587
}