{
  "scale" : 0.5289647,
  "baseX" : 0.4678899,
  "baseY" : 1.018663
}