{
  "scale" : 0.5289508000000001,
  "baseX" : 0.4678899,
  "baseY" : 1.018663
}