{
  "scale" : 0.5289562,
  "baseX" : 0.3645971,
  "baseY" : 0.982389
}