{
  "scale" : 0.528964,
  "baseX" : 0.3724066,
  "baseY" : 1.018519
}