{
  "scale" : 0.5289909,
  "baseX" : 0.3724066,
  "baseY" : 1.018519
}