{
  "scale" : 0.4991467,
  "baseX" : 0.5109091,
  "baseY" : 0.9780731
}