{
  "scale" : 0.4980587,
  "baseX" : 0.7287449,
  "baseY" : 0.9810526
}