{
  "scale" : 0.4994368,
  "baseX" : 0.5358725,
  "baseY" : 0.9766123
}