{
  "scale" : 0.5839657,
  "baseX" : 0.6349376,
  "baseY" : 0.9830735
}