{
  "scale" : 0.5839561,
  "baseX" : 0.427133,
  "baseY" : 0.9833916
}