{
  "scale" : 0.6383228,
  "baseX" : 0.4243354,
  "baseY" : 0.9272176
}