{
  "scale" : 0.6383042,
  "baseX" : 0.4243354,
  "baseY" : 0.9272176
}