{
  "scale" : 0.6383044,
  "baseX" : 0.6141161,
  "baseY" : 0.864564
}