{
  "scale" : 0.6383042,
  "baseX" : 0.6141161,
  "baseY" : 0.864564
}