{
  "scale" : 0.638325,
  "baseX" : 0.6141161,
  "baseY" : 0.864564
}