{
  "scale" : 0.6383039,
  "baseX" : 0.3227513,
  "baseY" : 0.9725819
}