{
  "scale" : 0.638304,
  "baseX" : 0.3227513,
  "baseY" : 0.9725819
}