{
  "scale" : 0.4998533,
  "baseX" : 0.7936396,
  "baseY" : 0.971214
}