{
  "scale" : 0.4997876,
  "baseX" : 0.7936396,
  "baseY" : 0.971214
}