{
  "scale" : 0.4997663,
  "baseX" : 0.3539639,
  "baseY" : 0.9689597
}