{
  "scale" : 0.499713,
  "baseX" : 0.3539639,
  "baseY" : 0.9689597
}