{
  "scale" : 0.4999004,
  "baseX" : 0.4414784,
  "baseY" : 0.9490882
}