{
  "scale" : 0.5685486,
  "baseX" : 0.7300189,
  "baseY" : 0.9407514
}