{
  "scale" : 0.564154,
  "baseX" : 0.3100264,
  "baseY" : 0.9581419
}