{
  "scale" : 0.5606878,
  "baseX" : 0.3100264,
  "baseY" : 0.9581419
}