{
  "scale" : 0.5654448,
  "baseX" : 0.7301465,
  "baseY" : 0.9369748
}