{
  "scale" : 0.4979166,
  "baseX" : 0.4739884,
  "baseY" : 0.9855967
}