{
  "scale" : 0.610154,
  "baseX" : 0.491832,
  "baseY" : 0.9831884
}