{
  "scale" : 0.6101432,
  "baseX" : 0.868673,
  "baseY" : 0.8929188
}