{
  "scale" : 0.6101335,
  "baseX" : 0.491832,
  "baseY" : 0.9831884
}