{
  "scale" : 0.6101912,
  "baseX" : 0.5280899,
  "baseY" : 0.9834191
}