{
  "scale" : 0.6102821,
  "baseX" : 0.3904848,
  "baseY" : 1.26942
}