{
  "scale" : 0.6101424,
  "baseX" : 0.3904848,
  "baseY" : 1.26942
}