{
  "scale" : 0.6101679,
  "baseX" : 0.562436,
  "baseY" : 0.9851206
}