{
  "scale" : 0.5017905,
  "baseX" : 0.6701822,
  "baseY" : 1.01745
}