{
  "scale" : 0.5002091,
  "baseX" : 0.3520581,
  "baseY" : 1.11223
}