{
  "scale" : 0.5002084999999999,
  "baseX" : 0.3520581,
  "baseY" : 1.11223
}