{
  "scale" : 0.4993875,
  "baseX" : 0.3250899,
  "baseY" : 1.11295
}