{
  "scale" : 0.5017889,
  "baseX" : 0.3833962,
  "baseY" : 0.9717552
}