{
  "scale" : 0.5017894000000001,
  "baseX" : 0.4216691,
  "baseY" : 0.970128
}