{
  "scale" : 0.5017902,
  "baseX" : 0.4216691,
  "baseY" : 0.970128
}