{
  "scale" : 0.5017895999999999,
  "baseX" : 0.4216691,
  "baseY" : 0.970128
}