{
  "scale" : 0.5440381,
  "baseX" : 0.5600868,
  "baseY" : 0.9093069
}