{
  "scale" : 0.5068627999999999,
  "baseX" : 0.4192926,
  "baseY" : 0.9708127
}