{
  "scale" : 0.5068702,
  "baseX" : 0.772229,
  "baseY" : 0.9754266
}