{
  "scale" : 0.5068581,
  "baseX" : 0.3695802,
  "baseY" : 0.9042306
}