{
  "scale" : 0.5068627999999999,
  "baseX" : 0.3695802,
  "baseY" : 0.9042306
}