{
  "scale" : 0.5068592,
  "baseX" : 0.4192926,
  "baseY" : 0.9708127
}