{
  "scale" : 0.5068974000000001,
  "baseX" : 0.3019608,
  "baseY" : 0.9517286
}