{
  "scale" : 0.5068834,
  "baseX" : 0.3019608,
  "baseY" : 0.9517286
}