{
  "scale" : 0.5068605,
  "baseX" : 0.5691211,
  "baseY" : 0.9780012
}