{
  "scale" : 0.3717202,
  "baseX" : 0.267072,
  "baseY" : 1.005605
}