{
  "scale" : 0.3717202,
  "baseX" : 0.1863186,
  "baseY" : 0.9965371
}