{
  "scale" : 0.3717202,
  "baseX" : 0.1660395,
  "baseY" : 1.006355
}