{
  "scale" : 0.3717202,
  "baseX" : 0.4701287,
  "baseY" : 0.9855688
}