{
  "scale" : 0.5202633,
  "baseX" : 0.6876296,
  "baseY" : 0.9794276
}