{
  "scale" : 0.5191751999999999,
  "baseX" : 0.5666364,
  "baseY" : 0.9866573
}