{
  "scale" : 0.5197963,
  "baseX" : 0.5666364,
  "baseY" : 0.9866573
}