{
  "scale" : 0.5191384999999999,
  "baseX" : 0.469517,
  "baseY" : 0.9863113
}