{
  "scale" : 0.518697,
  "baseX" : 0.469517,
  "baseY" : 0.9863113
}