{
  "scale" : 0.5194403,
  "baseX" : 0.469517,
  "baseY" : 0.9863113
}