{
  "scale" : 0.519632,
  "baseX" : 0.3401222,
  "baseY" : 0.9875898
}