{
  "scale" : 0.5186374,
  "baseX" : 0.3401222,
  "baseY" : 0.9875898
}