{
  "scale" : 0.4978573,
  "baseX" : 0.7761268,
  "baseY" : 0.8899348
}