{
  "scale" : 0.4988855,
  "baseX" : 0.7761268,
  "baseY" : 0.8899348
}