{
  "scale" : 0.4976437,
  "baseX" : 0.4435695,
  "baseY" : 0.9810454
}