{
  "scale" : 0.4978216,
  "baseX" : 0.4435695,
  "baseY" : 0.9810454
}