{
  "scale" : 0.5095838,
  "baseX" : 0.2830626,
  "baseY" : 0.9710145
}