{
  "scale" : 0.5104102,
  "baseX" : 0.888486,
  "baseY" : 0.9753277
}