{
  "scale" : 0.5095838,
  "baseX" : 0.6864045,
  "baseY" : 0.9797061
}