{
  "scale" : 0.5095838,
  "baseX" : 0.6100428,
  "baseY" : 0.9859632
}