{
  "scale" : 0.5095838,
  "baseX" : -0.03061782,
  "baseY" : 0.9817209
}