{
  "scale" : 0.511987,
  "baseX" : 0.7885742,
  "baseY" : 0.8547826
}