{
  "scale" : 0.5117262,
  "baseX" : 0.7885742,
  "baseY" : 0.8547826
}