{
  "scale" : 0.5115367,
  "baseX" : 0.7891566,
  "baseY" : 0.9795109
}