{
  "scale" : 0.512769,
  "baseX" : 0.7891566,
  "baseY" : 0.9795109
}