{
  "scale" : 0.5117848,
  "baseX" : 0.509434,
  "baseY" : 0.9864806
}