{
  "scale" : 0.5126809,
  "baseX" : 0.509434,
  "baseY" : 0.9864806
}