{
  "scale" : 0.5095838,
  "baseX" : 0.07453704,
  "baseY" : 0.980198
}