{
  "scale" : 0.5118542,
  "baseX" : 0.509434,
  "baseY" : 0.9864806
}