{
  "scale" : 0.5126572,
  "baseX" : 0.3778249,
  "baseY" : 0.9798235
}