{
  "scale" : 0.5095838,
  "baseX" : 0.7035272,
  "baseY" : 0.9806826
}