{
  "scale" : 0.5128021,
  "baseX" : 0.8264192,
  "baseY" : 0.9791946
}