{
  "scale" : 0.5128199,
  "baseX" : 0.8264192,
  "baseY" : 0.9791946
}