{
  "scale" : 0.5123455,
  "baseX" : 0.5449665,
  "baseY" : 0.9803319
}