{
  "scale" : 0.5122468,
  "baseX" : 0.5449665,
  "baseY" : 0.9803319
}