{
  "scale" : 0.513386,
  "baseX" : 1.01921,
  "baseY" : 1
}