{
  "scale" : 0.5134057,
  "baseX" : 1.01921,
  "baseY" : 1
}