{
  "scale" : 0.5133697,
  "baseX" : 0.4779091,
  "baseY" : 0.9798489
}