{
  "scale" : 0.4965632,
  "baseX" : 0.8559028,
  "baseY" : 0.9312839
}