{
  "scale" : 0.4965555,
  "baseX" : 0.8892906,
  "baseY" : 0.9697194
}