{
  "scale" : 0.4965702,
  "baseX" : 0.8559028,
  "baseY" : 0.9312839
}