{
  "scale" : 0.496543,
  "baseX" : 0.8892906,
  "baseY" : 0.9697194
}