{
  "scale" : 0.4965606,
  "baseX" : 0.499053,
  "baseY" : 0.9848559
}