{
  "scale" : 0.4965299,
  "baseX" : 0.7392687,
  "baseY" : 0.9766917
}