{
  "scale" : 0.4966034,
  "baseX" : 0.499053,
  "baseY" : 0.9848559
}