{
  "scale" : 0.4965793,
  "baseX" : 0.499053,
  "baseY" : 0.9848559
}