{
  "scale" : 0.496611,
  "baseX" : 0.4863116,
  "baseY" : 0.9806371
}