{
  "scale" : 0.4965525,
  "baseX" : 0.3296767,
  "baseY" : 1.206289
}