{
  "scale" : 0.4965601,
  "baseX" : 0.4863116,
  "baseY" : 0.9806371
}