{
  "scale" : 0.496562,
  "baseX" : 0.3296767,
  "baseY" : 1.206289
}