{
  "scale" : 0.4965796,
  "baseX" : 0.5937695,
  "baseY" : 0.9646018
}