{
  "scale" : 0.5384384,
  "baseX" : 0.3611374,
  "baseY" : 0.9732072
}