{
  "scale" : 0.53843,
  "baseX" : 0.4938838,
  "baseY" : 0.9440613
}