{
  "scale" : 0.538431,
  "baseX" : 0.3611374,
  "baseY" : 0.9732072
}