{
  "scale" : 0.538429,
  "baseX" : 0.2894482,
  "baseY" : 0.961568
}