{
  "scale" : 0.5384301,
  "baseX" : 0.4938838,
  "baseY" : 0.9440613
}