{
  "scale" : 0.5384303,
  "baseX" : 0.2894482,
  "baseY" : 0.961568
}