{
  "scale" : 0.5384309,
  "baseX" : 0.3780849,
  "baseY" : 0.9731861
}