{
  "scale" : 0.5384302,
  "baseX" : 0.3611374,
  "baseY" : 0.9732072
}