{
  "scale" : 0.53843,
  "baseX" : 0.3734177,
  "baseY" : 0.9710938
}