{
  "scale" : 0.5384287,
  "baseX" : 0.3436975,
  "baseY" : 0.9606481
}