{
  "scale" : 0.5384297,
  "baseX" : 0.3734177,
  "baseY" : 0.9710938
}