{
  "scale" : 0.5384315,
  "baseX" : 0.3998801,
  "baseY" : 0.9391435
}