{
  "scale" : 0.5384354,
  "baseX" : 0.4064595,
  "baseY" : 0.9387755
}