{
  "scale" : 0.53844,
  "baseX" : 0.4064595,
  "baseY" : 0.9387755
}