{
  "scale" : 0.5384669,
  "baseX" : 0.3892321,
  "baseY" : 0.9735203
}