{
  "scale" : 1.004942,
  "baseX" : 0.4963579,
  "baseY" : 0.8730703
}