{
  "scale" : 1.010583,
  "baseX" : 0.4963579,
  "baseY" : 0.8730703
}