{
  "scale" : 0.3376564,
  "baseX" : 0.7695072,
  "baseY" : 1.193354
}