{
  "scale" : 1.011846,
  "baseX" : 0.6568848,
  "baseY" : 0.9474196
}