{
  "scale" : 0.3376773,
  "baseX" : 0.50542,
  "baseY" : 0.9854904
}