{
  "scale" : 0.3374646,
  "baseX" : 0.50542,
  "baseY" : 0.9854904
}