{
  "scale" : 0.337678,
  "baseX" : 0.50542,
  "baseY" : 0.9854904
}