{
  "scale" : 0.337711,
  "baseX" : 0.430605,
  "baseY" : 0.9875249
}