{
  "scale" : 0.3377106,
  "baseX" : 0.430605,
  "baseY" : 0.9875249
}