{
  "scale" : 0.4086967,
  "baseX" : 0.4379504,
  "baseY" : 0.9935802
}