{
  "scale" : 0.4086841,
  "baseX" : 0.4098806,
  "baseY" : 2.040268
}