{
  "scale" : 0.3613468,
  "baseX" : 0.371404,
  "baseY" : 1.557471
}