{
  "scale" : 0.4086906,
  "baseX" : 0.5554821,
  "baseY" : 1.754632
}