{
  "scale" : 0.3966641,
  "baseX" : -0.1576577,
  "baseY" : 1.02207
}