{
  "scale" : 0.3288704,
  "baseX" : -0.1455026,
  "baseY" : 0.9746349
}