{
  "scale" : 0.4086505,
  "baseX" : 0.3215806,
  "baseY" : 0.993215
}