{
  "scale" : 0.4035367,
  "baseX" : 0.4107143,
  "baseY" : 1.79834
}