{
  "scale" : 0.3584203,
  "baseX" : 0.2933985,
  "baseY" : 0.9855269
}