{
  "scale" : 0.4086837,
  "baseX" : 0.2792969,
  "baseY" : 0.9936985
}