{
  "scale" : 0.4077254,
  "baseX" : 0.29914,
  "baseY" : 0.9841349
}