{
  "scale" : 0.4086666,
  "baseX" : 0.3067701,
  "baseY" : 0.9934344
}