{
  "scale" : 0.5770901000000001,
  "baseX" : 0.7794344,
  "baseY" : 0.9404362
}