{
  "scale" : 0.5761859,
  "baseX" : 0.7794344,
  "baseY" : 0.9404362
}