{
  "scale" : 0.575312,
  "baseX" : 0.3285509,
  "baseY" : 0.9792408
}