{
  "scale" : 0.5750084,
  "baseX" : 0.3285509,
  "baseY" : 0.9792408
}