{
  "scale" : 0.5761878,
  "baseX" : 0.5241228,
  "baseY" : 0.9772283
}