{
  "scale" : 0.5772095,
  "baseX" : 0.5241228,
  "baseY" : 0.9772283
}