{
  "scale" : 0.5759282,
  "baseX" : 0.5241228,
  "baseY" : 0.9772283
}