{
  "scale" : 0.5402768999999999,
  "baseX" : 0.3395379,
  "baseY" : 0.9634551
}