{
  "scale" : 0.5402088,
  "baseX" : 0.3395379,
  "baseY" : 0.9634551
}