{
  "scale" : 0.5403954,
  "baseX" : 0.2930403,
  "baseY" : 1.64859
}