{
  "scale" : 0.5403952,
  "baseX" : 0.6484318,
  "baseY" : 0.9783638
}