{
  "scale" : 0.540392,
  "baseX" : 0.2930403,
  "baseY" : 1.64859
}