{
  "scale" : 0.5404105,
  "baseX" : 0.6484318,
  "baseY" : 0.9783638
}