{
  "scale" : 0.5398914,
  "baseX" : 0.7325078,
  "baseY" : 0.9508772
}