{
  "scale" : 0.5404258,
  "baseX" : 0.2930403,
  "baseY" : 1.64859
}