{
  "scale" : 0.5404142,
  "baseX" : 0.4960272,
  "baseY" : 0.9845222
}