{
  "scale" : 0.609191,
  "baseX" : 0.4458937,
  "baseY" : 0.8155789
}