{
  "scale" : 0.6091842,
  "baseX" : 0.4738792,
  "baseY" : 0.9761052
}