{
  "scale" : 0.609191,
  "baseX" : 0.4833733,
  "baseY" : 0.9676375
}