{
  "scale" : 0.6091945,
  "baseX" : 0.4833733,
  "baseY" : 0.9676375
}