{
  "scale" : 0.547811,
  "baseX" : 0.8865699,
  "baseY" : 0.9770388
}