{
  "scale" : 0.5478033,
  "baseX" : 0.8865699,
  "baseY" : 0.9770388
}