{
  "scale" : 0.4623656,
  "baseX" : 0.4336942,
  "baseY" : 1.393274
}