{
  "scale" : 0.5779956000000001,
  "baseX" : 0.6069506,
  "baseY" : 1.570152
}