{
  "scale" : 0.4623846,
  "baseX" : 0.4375427,
  "baseY" : 1.393274
}