{
  "scale" : 0.5779563,
  "baseX" : 0.5962855,
  "baseY" : 1.168007
}