{
  "scale" : 0.6935873,
  "baseX" : 0.4200561,
  "baseY" : 1.123776
}