{
  "scale" : 0.6935509,
  "baseX" : 0.4178273,
  "baseY" : 1.123776
}