{
  "scale" : 0.5478735,
  "baseX" : 0.5417743,
  "baseY" : 0.9767616
}