{
  "scale" : 0.4167631,
  "baseX" : 0.3861229,
  "baseY" : 3.011017
}