{
  "scale" : 0.5040724,
  "baseX" : 0.3971631,
  "baseY" : 3.102804
}