{
  "scale" : 0.4167631,
  "baseX" : 0.5920792,
  "baseY" : 0.2538157
}