{
  "scale" : 0.4167631,
  "baseX" : 0.3311111,
  "baseY" : 0.9732499
}