{
  "scale" : 0.4167631,
  "baseX" : 0.4561403,
  "baseY" : 0.9702176
}