{
  "scale" : 0.4167631,
  "baseX" : 0.3008219,
  "baseY" : 0.9765625
}