{
  "scale" : 0.4167631,
  "baseX" : 0.3805358,
  "baseY" : 1.504886
}