{
  "scale" : 0.5040724,
  "baseX" : 0.4514731,
  "baseY" : 0.966323
}