{
  "scale" : 0.4167631,
  "baseX" : 0.5391545,
  "baseY" : 0.9719626
}