{
  "scale" : 0.5040724,
  "baseX" : 0.4953975,
  "baseY" : 0.9434084
}