{
  "scale" : 0.4167631,
  "baseX" : 0.5417246,
  "baseY" : 0.9691142
}