{
  "scale" : 0.5040724,
  "baseX" : 0.5344399,
  "baseY" : 0.9657103
}