{
  "scale" : 0.4167631,
  "baseX" : 0.4296926,
  "baseY" : 0.9701149
}