{
  "scale" : 0.5489608,
  "baseX" : 0.7763533,
  "baseY" : 0.9798561
}