{
  "scale" : 0.5489695999999999,
  "baseX" : 0.7763533,
  "baseY" : 0.9798561
}