{
  "scale" : 0.5489509,
  "baseX" : 0.4599754,
  "baseY" : 0.8711734
}