{
  "scale" : 0.5490459,
  "baseX" : 0.4599754,
  "baseY" : 0.8711734
}