{
  "scale" : 0.5490312000000001,
  "baseX" : 0.4599754,
  "baseY" : 0.8711734
}