{
  "scale" : 0.5489810000000001,
  "baseX" : 0.4334443,
  "baseY" : 0.9779897
}