{
  "scale" : 0.5489886,
  "baseX" : 0.4334443,
  "baseY" : 0.9779897
}