{
  "scale" : 0.4144475,
  "baseX" : 0.5265476,
  "baseY" : 0.9879639
}