{
  "scale" : 0.4145528,
  "baseX" : 0.4205743,
  "baseY" : 0.990755
}