{
  "scale" : 0.4144301,
  "baseX" : 0.4205743,
  "baseY" : 0.990755
}