{
  "scale" : 0.4143637,
  "baseX" : 0.5964634,
  "baseY" : 0.9877509
}