{
  "scale" : 0.4143581,
  "baseX" : 0.6732948,
  "baseY" : 0.9917771
}