{
  "scale" : 0.5005197,
  "baseX" : 0.6068665,
  "baseY" : 0.9567568
}