{
  "scale" : 0.5005197,
  "baseX" : 0.490954,
  "baseY" : 0.9723058
}