{
  "scale" : 0.5601409000000001,
  "baseX" : 0.5799748,
  "baseY" : 0.940221
}