{
  "scale" : 0.5601541,
  "baseX" : 0.5799748,
  "baseY" : 0.940221
}