{
  "scale" : 0.5005197,
  "baseX" : 0.5558943,
  "baseY" : 0.9810513
}