{
  "scale" : 0.5005197,
  "baseX" : 0.795302,
  "baseY" : 0.9819876
}