{
  "scale" : 0.5005197,
  "baseX" : 0.3756345,
  "baseY" : 0.979716
}