{
  "scale" : 0.5005197,
  "baseX" : 0.4377478,
  "baseY" : 0.9729404
}