{
  "scale" : 0.5005197,
  "baseX" : 0.5059423,
  "baseY" : 0.9817629
}