{
  "scale" : 0.5,
  "baseX" : 0.2162342,
  "baseY" : 0.9799724
}