{
  "scale" : 0.5,
  "baseX" : 0.5139936,
  "baseY" : 2.260767
}