{
  "scale" : 0.5,
  "baseX" : 0.2512605,
  "baseY" : 0.9802989
}