{
  "scale" : 0.5114875,
  "baseX" : 0.3238566,
  "baseY" : 0.9466216
}