{
  "scale" : 0.5114526,
  "baseX" : 0.06105513,
  "baseY" : 0.9114547
}