{
  "scale" : 0.5115113999999999,
  "baseX" : 0.3238566,
  "baseY" : 0.9466216
}