{
  "scale" : 0.511452,
  "baseX" : 0.06105513,
  "baseY" : 0.9114547
}