{
  "scale" : 0.5115446,
  "baseX" : 0.4311084,
  "baseY" : 0.9464161
}