{
  "scale" : 0.511529,
  "baseX" : 0.6170111,
  "baseY" : 0.9796826
}