{
  "scale" : 0.5115969,
  "baseX" : 0.6170111,
  "baseY" : 0.9796826
}