{
  "scale" : 0.5114768,
  "baseX" : 0.6170111,
  "baseY" : 0.9796826
}