{
  "scale" : 0.5115173,
  "baseX" : 0.4279935,
  "baseY" : 0.9791535
}