{
  "scale" : 0.5492345,
  "baseX" : 0.7007531,
  "baseY" : 0.7783116
}