{
  "scale" : 0.514508,
  "baseX" : 0.6614293,
  "baseY" : 0.978775
}