{
  "scale" : 0.5901362,
  "baseX" : 0.6614293,
  "baseY" : 0.978775
}