{
  "scale" : 0.5308836,
  "baseX" : 0.6614293,
  "baseY" : 0.978775
}