{
  "scale" : 0.4954329,
  "baseX" : 0.6110219,
  "baseY" : 0.9799427
}