{
  "scale" : 0.4953518,
  "baseX" : 0.3215927,
  "baseY" : 0.9780059
}