{
  "scale" : 0.4954019,
  "baseX" : 0.3215927,
  "baseY" : 0.9780059
}