{
  "scale" : 0.4954988,
  "baseX" : 0.2518597,
  "baseY" : 0.9794722
}