{
  "scale" : 0.4954316,
  "baseX" : 0.6361186,
  "baseY" : 0.9670407
}