{
  "scale" : 0.49537,
  "baseX" : 0.6110219,
  "baseY" : 0.9799427
}