{
  "scale" : 0.495476,
  "baseX" : 0.2518597,
  "baseY" : 0.9794722
}