{
  "scale" : 0.4954415,
  "baseX" : 0.242268,
  "baseY" : 0.9793662
}