{
  "scale" : 0.4954859,
  "baseX" : 0.242268,
  "baseY" : 0.9793662
}