{
  "scale" : 0.4953805,
  "baseX" : 0.1264822,
  "baseY" : 0.9789157
}