{
  "scale" : 0.495477,
  "baseX" : 0.5782074,
  "baseY" : 0.9794722
}