{
  "scale" : 0.4954979,
  "baseX" : 0.3866349,
  "baseY" : 0.9809104
}