{
  "scale" : 0.4954171,
  "baseX" : 0.5782074,
  "baseY" : 0.9793662
}