{
  "scale" : 0.5170109000000001,
  "baseX" : 0.431709,
  "baseY" : 0.966238
}