{
  "scale" : 0.5173414,
  "baseX" : 0.2739322,
  "baseY" : 0.9769144
}