{
  "scale" : 0.5169541,
  "baseX" : 0.6799486,
  "baseY" : 0.9804469
}