{
  "scale" : 0.5168998,
  "baseX" : 0.8325967,
  "baseY" : 0.9730849
}