{
  "scale" : 0.5169397,
  "baseX" : 0.0175,
  "baseY" : 0.9874142
}