{
  "scale" : 0.5169349,
  "baseX" : 0.3089431,
  "baseY" : 0.9797297
}