{
  "scale" : 0.5735170000000001,
  "baseX" : 0.4736446,
  "baseY" : 0.9669492
}