{
  "scale" : 0.5770688,
  "baseX" : 0.4736446,
  "baseY" : 0.9669492
}