{
  "scale" : 0.5737342,
  "baseX" : 0.4301192,
  "baseY" : 0.9694657
}