{
  "scale" : 0.569885,
  "baseX" : 0.4301192,
  "baseY" : 0.9694657
}