{
  "scale" : 0.5021045,
  "baseX" : 0.5524774,
  "baseY" : 0.9680715
}