{
  "scale" : 0.5019122,
  "baseX" : 0.4331662,
  "baseY" : 0.9757634
}