{
  "scale" : 0.5019842,
  "baseX" : 0.5524774,
  "baseY" : 0.9680715
}