{
  "scale" : 0.5020936,
  "baseX" : 0.4340334,
  "baseY" : 0.9776335
}