{
  "scale" : 0.5020124,
  "baseX" : 0.3533538,
  "baseY" : 0.986189
}