{
  "scale" : 0.5024026,
  "baseX" : 0.5474452,
  "baseY" : 0.977088
}