{
  "scale" : 0.5023299,
  "baseX" : 0.3595133,
  "baseY" : 0.983871
}