{
  "scale" : 0.5023586,
  "baseX" : 0.5474452,
  "baseY" : 0.977088
}