{
  "scale" : 0.6410064,
  "baseX" : 0.703876,
  "baseY" : 0.8374317
}