{
  "scale" : 0.6410064,
  "baseX" : 0.5541475,
  "baseY" : 0.969112
}