{
  "scale" : 0.5128049,
  "baseX" : 0.7579929,
  "baseY" : 0.9564978
}