{
  "scale" : 0.512805,
  "baseX" : 0.5914692,
  "baseY" : 0.9852941
}