{
  "scale" : 0.641006,
  "baseX" : 0.5541475,
  "baseY" : 0.969112
}