{
  "scale" : 0.512805,
  "baseX" : 0.5817564,
  "baseY" : 0.9852941
}