{
  "scale" : 0.6410065,
  "baseX" : 0.5385075,
  "baseY" : 0.969112
}