{
  "scale" : 0.6410061,
  "baseX" : 0.3905079,
  "baseY" : 0.944793
}