{
  "scale" : 0.5128047999999999,
  "baseX" : 0.3603148,
  "baseY" : 0.9847689
}