{
  "scale" : 0.6410064,
  "baseX" : 0.3905079,
  "baseY" : 0.944793
}