{
  "scale" : 0.5039165,
  "baseX" : 0.5416125,
  "baseY" : 0.9240973
}