{
  "scale" : 0.5073757,
  "baseX" : 0.4444444,
  "baseY" : 0.9738885
}