{
  "scale" : 0.5138381,
  "baseX" : 0.4444444,
  "baseY" : 0.9738885
}