{
  "scale" : 0.5360627,
  "baseX" : 0.1070602,
  "baseY" : 0.9790159
}