{
  "scale" : 0.5360627,
  "baseX" : 0.5385253,
  "baseY" : 0.8934871
}