{
  "scale" : 0.5360627,
  "baseX" : 0.5965714,
  "baseY" : 0.9783972
}