{
  "scale" : 0.5359042000000001,
  "baseX" : 0.5965714,
  "baseY" : 0.9783972
}