{
  "scale" : 0.5358681,
  "baseX" : 0.5965714,
  "baseY" : 0.9783972
}