{
  "scale" : 0.4976392,
  "baseX" : 0.7342398,
  "baseY" : 0.9836066
}