{
  "scale" : 0.4980389,
  "baseX" : 0.6181636,
  "baseY" : 0.9751816
}