{
  "scale" : 0.4980072,
  "baseX" : 0.2125454,
  "baseY" : 0.9501069
}