{
  "scale" : 0.4983512,
  "baseX" : -0.07354002,
  "baseY" : 0.9409899
}