{
  "scale" : 0.4968738,
  "baseX" : 0.6767399,
  "baseY" : 0.970073
}