{
  "scale" : 0.4977827,
  "baseX" : 0.2295696,
  "baseY" : 0.986
}