{
  "scale" : 0.4978504,
  "baseX" : 0.475872,
  "baseY" : 0.9600254
}