{
  "scale" : 0.4976122,
  "baseX" : 0.2683629,
  "baseY" : 0.9920844
}