{
  "scale" : 0.4980755,
  "baseX" : 0.3367656,
  "baseY" : 0.9585284
}