{
  "scale" : 0.4980847,
  "baseX" : 0.2311349,
  "baseY" : 0.9636552
}