{
  "scale" : 0.4982269,
  "baseX" : 0.3441018,
  "baseY" : 0.9769619
}