{
  "scale" : 0.4983301,
  "baseX" : 0.3840126,
  "baseY" : 0.963145
}