{
  "scale" : 0.4980139,
  "baseX" : 0.3429625,
  "baseY" : 0.9586419
}