{
  "scale" : 0.4984449,
  "baseX" : 0.4379868,
  "baseY" : 0.9655172
}