{
  "scale" : 0.4975166,
  "baseX" : 0.3497893,
  "baseY" : 0.9811536
}