{
  "scale" : 0.4983141,
  "baseX" : 0.4592086,
  "baseY" : 0.9834051
}