{
  "scale" : 0.4967282,
  "baseX" : 0.4379868,
  "baseY" : 0.9655172
}