{
  "scale" : 0.4979525,
  "baseX" : 0.05523256,
  "baseY" : 0.9830028
}