{
  "scale" : 0.4972616,
  "baseX" : 0.6083071,
  "baseY" : 0.9922261
}