{
  "scale" : 0.4966972,
  "baseX" : 0.6247031,
  "baseY" : 0.9847251
}