{
  "scale" : 0.4986961,
  "baseX" : 0.4592086,
  "baseY" : 0.9834051
}