{
  "scale" : 0.4964267,
  "baseX" : -0.02310924,
  "baseY" : 0.9813559
}