{
  "scale" : 0.4987941,
  "baseX" : 0.4915584,
  "baseY" : 1.014296
}