{
  "scale" : 0.4988948,
  "baseX" : 0.4915584,
  "baseY" : 1.014296
}