{
  "scale" : 0.4975151,
  "baseX" : 0.1458944,
  "baseY" : 0.9777778
}