{
  "scale" : 0.497768,
  "baseX" : 0.3592744,
  "baseY" : 0.9776021
}