{
  "scale" : 0.4980839,
  "baseX" : 0.3592744,
  "baseY" : 0.9776021
}