{
  "scale" : 0.4981959,
  "baseX" : 0.5118243,
  "baseY" : 0.9232591
}