{
  "scale" : 0.497456,
  "baseX" : 0.5118243,
  "baseY" : 0.9232591
}