{
  "scale" : 0.5397119,
  "baseX" : 0.6554989,
  "baseY" : 0.9662364
}