{
  "scale" : 0.5397449,
  "baseX" : 0.4621785,
  "baseY" : 0.9760563
}