{
  "scale" : 0.539702,
  "baseX" : 0.9441106,
  "baseY" : 0.9643463
}