{
  "scale" : 0.5397148000000001,
  "baseX" : 0.6554989,
  "baseY" : 0.9662364
}