{
  "scale" : 0.5397395,
  "baseX" : 0.9441106,
  "baseY" : 0.9643463
}