{
  "scale" : 0.5397391,
  "baseX" : 0.4211204,
  "baseY" : 0.9730586
}