{
  "scale" : 0.5397335,
  "baseX" : 0.4211204,
  "baseY" : 0.9730586
}