{
  "scale" : 0.5397412,
  "baseX" : 0.5713267,
  "baseY" : 0.9769648
}