{
  "scale" : 1.826457,
  "baseX" : 0.4708261,
  "baseY" : 1.064505
}