{
  "scale" : 0.5397442,
  "baseX" : 0.5713267,
  "baseY" : 0.9769648
}