{
  "scale" : 0.5397347,
  "baseX" : 0.3563672,
  "baseY" : 0.9743008
}